source-id	latitude and longitude coordinate	latitude and longitude text	ecosystem	ecosystem-text	warming-method	warming-method-text	temperature-increase (degree C)	temperature-increase-text	warming-period-text	warming-timing	warming-season	warming-duration (months)	warming-other notes
Schmidt IK etal 2004_Soil solution chemistry and element fluxes in three european heathlands and their responses to warming and drought	53°03'N,3°28'W	Mols Bjerge, Denmark (DK) (56°23'N,10°57'E), Oldebroek, The Netherlands (NL)(52°24'N, 5°55'W), and Clocaenog, Wales (UK)53°03'N 3°28'W).	grassland/meadow/prairie	Heathland	curtain	"aluminum curtain(night warming), ""A passive nighttime warming manipulation was achieved using aluminum curtains covering the vegetation at night to prevent the efflux of infrared radiation from the plots. The curtains were automatically rolled out at night and rolled back at sunrise. Furthermore, the curtains were removed during storms and rain events to maintain the normal hydrology and wind stress."""	0.5,0.6,1.1			night time warming	all year	1,3,5,7,9,12,15,17,19,21,24	three sites
Larsen KS etal 2011_Reduced N cycling in response to elevated CO2, warming, and drought in a Danish heathland Synthesizing results of the CLIMAITE project after two years of treatments	55°53'N,11°58'E	50km NW of Copenhagen, Denmark (55°53'N, 11°58'E)	shrub/heathland	temperate heathland	curtain	"nighttime warming curtains, ""passive warming (T) of air and soil by nighttime warming curtains 50cm above ground"", ""Details on the experimental setup
are given by Mikkelsen et al. (2008)."""	1.5	1.5	Oct 2005 - Sep 2007	night time warming	all year	18	0-5 cm soil
Andresen LC etal 2010_Plant nutrient mobilization in temperate heathland responds to elevated CO2, temperature and drought	55°53'N,11°58'E	Brandbjerg (55º53′N 11º58′E)(same site as #4)	grassland/meadow/prairie	temperate heathland	curtain	"nighttime warming curtains, ""The temperature was increased by passive night-time warming by means of low automatic curtains that rolled over the vegetation during night (Beier et al. 2004a, b)"""	1.5	1.5	Oct 2005 - Sep 2007	night time warming	all year	18	Deschampsia (incubation without plant)
Allison SD etal 2010_Resistance of microbial and soil properties to warming treatment seven years after boreal fire	63°55'N,145°44'W	Fort Greely military base, Alaska (63◦55' N, 145◦44' W)	forest	Boreal forest	greenhouse	"greenhouse, ""For the warming manipulation (see Allison and Treseder, 2008
for details), we established 5 pairs of 2.5 m   2.5 m plots in
a w1 km2 area of burned forest. One plot in each pair served as
a control, and was located in a visually similar area within 10 m of
the treatment plot to minimize any effects of spatial variability. The
treatment plot was passively warmed with a greenhouse constructed
of two-by-fours in an A-frame covered with clear 6 mil
plastic sheeting (AT Plastics, Inc, Edmonton, Canada). The plastic
transmits 60e70% of photosynthetically active radiation (Krizek
et al., 2005)."""	1.2	1.2	2006-2007	all day warming	growing season	12	
Chapin FS etal 1995_Responses of arctic tundra to experimental and observed changes in climate	68°38'N,149°34'W	the northern foothills of the Brooks Range of arctic Alaska (68°38' N, 149°34' W, elevation 760 m).	tundra	moist tussock tundra	greenhouse	"Greenhouse, ""Temperature was raised using a
greenhouse placed over tundra. Light was reduced by
shading. In the temperature plot of each block there
were both a fertilized and a nonfertilized greenhouse,
and in the light attenuation plot there was a single
unfertilized shade frame. The area covered by each
greenhouse and shade frame was 12 m2, considerably
less than the 100 m2 of the control and fertilized plots.
Because the major source of patchiness in tussock tundra
is on the scale of decimetres, there was no difference
in variance of biomass or production among our
different-sized plots (data not shown). Greenhouses
were built of transparent 0.15-mm (6 mil) plastic sheeting
stretched over an A-shaped wooden frame that
ranged in height from 10 em at the side to 1 m in the
center. Uneven microtopography allowed air circulation
beneath the bases of the greenhouses, as in the open greenhouses of Havstrom eta!. ( 1993). The plastic
was replaced annually. Shade frames were identical to
greenhouses but were covered with optically neutral
shade cloth that removed 50% of incoming radiation
(confirmed with a LiCor quantum sensor). Greenhouses
and shade frames were placed on the plots each spring
immediately after snow melt and removed each autumn
from 1981 through 1989."""	2.2	3.5°C mean air   2.2°C soil 	since Jun.1981	all day warming	all year	84,88,76,98,24	
Schmidt IK etal 2002_Mineralization and distribution of nutrients in plants and microbes in four arctic ecosystems: responses to warming	68°20'N,20°51'E	Abisko, Sweden (68°20'N, 20°51' E)	tundra	Tundra	greenhouse	"greenhouse, ""by plastic
greenhouses replicated six times at the Abisko sites
and four and two times at the Toolik sites and maintained
since 1989. The greenhouses at Abisko were
dome-shaped 1.2 × 1.2 m constructions (Havström et al., 1993; Jonasson et al., 1999b), whereas the greenhouses
at the Toolik sites were 2.5 × 5 m rectangular
constructions fixed onto a permanent wooden frame
(Shaver et al., 1998). The greenhouses at Abisko were
of thin plastic and reduced the photosynthetically active
radiation by approximately 10%, while the plastic
used at Toolik was thicker and reduced the light by
about 20%. The greenhouses were raised each year
in June after snowmelt and maintained to late August.
Havström et al. (1993), Jonasson et al. (1999b)
and Michelsen et al. (1996a) give additional details of
treatment effects on a variety of other parameters at
the Abisko sites, and Gough et al. (1999), Johnson et
al. (1999) and Shaver et al. (1995, 1998) give details
from the Toolik sites."""	1.5	1_2	1989-Jun. 1994	all day warming	growing season	48,60,62,120,122	low-latitude heath
Sorensen PL etal 2008_Nitrogen Uptake During One Year in Subarctic Plant Functional Groups and in Microbes After Long-Term Warming and Fertilization	Abisko, Sweden	Abisko, Sweden	shrub/heathland	dry heathland	greenhouse	"greenhouse, ""Each year in early June, just after snowmelt, and
until the end of August or early September, the
temperature was raised by erecting dome-shaped
plastic greenhouses with a 1.2 9 1.2 m2 surface
area. The greenhouses enhanced the air temperature
by 3.9 C. The soil temperature was enhanced
by 1.2–2.0 C above an average temperature of
7.7 C in the control plots, and the greenhouses
reduced photosynthetically active radiation by 9%
(Havstro¨m and others 1993; Michelsen and others 1996a; Rinnan and others 2007)"""	1.6	1.2-2	Jun.1989-Jul.2001	all day warming	growing season	25,37	
Verburg PSJ etal 2000_Nitrogen transformations in a forested catchment in southern Norway subjected to elevated temperature and CO2	58°23'N,8°19'E	Grimstad, Southern Norway(58°23'N 8°19'E, 300m a.s.l., MAP 1400mm, MAT 5°C)	forest	Forest	greenhouse	"Greenhouse, ""The greenhouse was separated
in two parts by a transparent wall. From June 1994, in
the lower 80% of the greenhouse (Roof-T), CO2 was
increased during the growing season by 200 ml l
ÿ1
compared to the upper 20% (Roof-C). The air temperature
was increased by 58C in January and 38C in
July compared to Roof-C with intermediate temperature
increases in the intervening months (Fig. 1). Prior
to the treatment, air temperature throughout the greenhouse
was homogeneous."""	4	3-5°C in air temperature	 Jun.199-Jun.1995	all day warming	all year	12,24	1994-1995  under Calluna
Jonasson S etal 1993_In-situ mineralization of nitrogen and phosphorus of arctic soils after perturbations simulating climate change	Abisko in northern Swedish Lapland.	Abisko in northern Swedish Lapland.	shrub/heathland	Heath  and Fellfield 	greenhouse	"Greenhouse after snow smelt(Jun-Sep from 1989to 1991?), ""Temperature and light were manipulated at each site within six
blocks of 400 m 2 by erecting dome-shaped plastic greenhouses and
shading screens (both about 50 cm high and with 1.2 x 1.2 m surface
area) just after snow melt. Two types of greenhouses were built, one
with a 5-10 cm gap above the ground on two sides, and the other
with the plastic tightly fixed to the ground. Both types had a
ventilation vent at the top, and gave a low and a high temperature
increase, respectively (see Havstr6m et al. 1993). The plastic was a
0.05-mm thick polyethylene film supported by PVC tubes. The
shading treatment, which reduced light by about 60%, consisted of
a similar construction, but covered by hessian (sack-cloth) instead
of polyethylene film."""	0.9,1.1,1.9	soil  temperature 0.9; air temperature 2.8	Jun.1989-Sep.1991	all day warming	growing season	24,27	heath 
Malchair S etal 2010_Do climate warming and plant species richness affect potential nitrification, basal respiration and ammonia-oxidizing bacteria in experimental grasslands? Soil Biology and Biochemistry 42(11): 1944-1951	51°09'N,4°24'E	Drie Eiken, Belgium, 51°09'N, 4°24'E	grassland/meadow/prairie	experimental grassland	greenhouse	"heated chambers, ""The platform consisted of 12 sunlit, climate controlledchambers
facing south (2.25 m2 ground area). Half of the chambers
were at ambient temperature (unheated chambers) while the other
half were continuously warmed 3  C above the fluctuating ambient
values (heated chambers)."" ""Further details on the experimental platform,
growth and climate conditions can be found in Lemmens et al.
(2006) and De Boeck et al. (2008)"""	3	3	Jul. 2003-Nov. 2004	all day warming	all year	16,28	0-5 cm soil
Hobbie SE etal 1998_Response of tundra plant biomass, aboveground production, nitrogen, and CO(2) flux to experimental warming	68°38'N,149°34'W	Alaska(68°38'N 149°34'W, 760m a.s.l.)	tundra	Upland tussock tundra	greenhouse	"OTC, actually GREENHOUSE,Spring to mid August in 1990-1993, ""One of the plots in each block
was randomly selected for cover by a wooden frame
supporting 0.15-mm (6-mil) polyethylene ‘‘greenhouses’’
that extended 20 cm beyond the plot boundaries
during the growing seasons of 1990–1993. We
installed greenhouses on the plots each spring following
snow melt and removed them each year in mid-
August. Because of uneven microtopography, the bottom
of the frames rested on the ground but air circulated
in and out of the greenhouses at the bases. During
1991–1993, we cut 200-cm2 holes in the tops of the
greenhouses to increase air circulation (Parsons et al.
1994). We left the other 10 plots uncovered as unmanipulated
controls."""	0.75	4-5°C in air T and 0.5-1°C in soil T (0-10cm) across the 3 years	Jun.1990-summer.1992	all day warming	growing season	24,30,38	
Peterjohn WT etal 1994_Responses of trace gas fluxes and N availability to experimentally elevated soil temperatures	42°30′N,72°10′ W	Prospect Hill Tract of the Harvard Forest in central Massachusetts (42°30′ N, 72°10′ W)	forest	mixed deciduous forest	heating cable	"buried heating cables, ""To warm a given plot, we buried four heating cables
(Smith-Gates Easy Heat) at a depth of 10 cm in 6 m
long rows spaced 20 cm apart. When supplied with 240
V alternating current, the heating cables have a power output of 13.6 W/m and produce a power density of
:::::77 W/m2. This method of warming soil has been
previously evaluated and performs well under a variety
of moisture and temperature conditions (Peterjohn et
al. 1993)."""	5	5°C	Jul.1991-Jul.1991	all day warming	growing season	1,2,3,4	 forest floor
Butler SM etal 2012_Soil warming alters nitrogen cycling in a New England forest: implications for ecosystem function and structure	42°28'N,72°10'W	central Massachusetts, USA (42°28'N, 72°10'W)	forest	deciduous forest	heating cable	"heating cable, ""During the summer and fall of 2001, about 5 km of
heating cable were installed by hand to minimize disturbance
in a 30 9 30 m area (Melillo et al. 2011). Cables
were buried at 10 cm depth, spaced 20 cm apart. An
adjacent 900-m2 area was delineated to serve as the control
area, with a 5-m buffer inbetween the areas."" ""When supplied with 240 VAC, the heating cables have
a power output of 13.6 W m-1 and produce a power
density of about 77 W m-2. Within the heated area, there
were 160 resistance cables, each of which is approximately
30 m long. A typical resistance per cable was
96 X."""	5	5 °C since 5.2003	May.2003-Jun.2003	all day warming	all year	1,13,25,37,49,61,73	
Melillo JM etal 2002_Soil warming and carbon-cycle feedbacks to the climate system	42°28'N,72°10'W	central Massachusetts, USA (42◦28'N, 72◦10'W)	forest	deciduous forest	heating cable	"heating cable, ""In the heated and disturbance
control plots, we buried heating cables
at 10-cm depths spaced 20 cm apart. When
supplied with 240 V of ac, the heating cables
have a power output of 13.6 W m 2 and
produce a power density of about 77 W m 2."""	5	5	Apr. 1991-Nov. 1991	all day warming	all year	7,19,31,43,55,67,79,91	
Verburg PSJ etal 1999_The CLIMEX soil-heating experiment soil response after 2 years of treatment	58°23'N,8°19'E	Grimstad, Southern Norway(58°23'N 8°19'E, 300m a.s.l., MAP 1400mm, MAT 5°C)	forest	Forest	heating cable	"Heating cable, ""heating
cables were placed at a depth of 1 cm in the litter layer with a
spacing of 10–15 cm."" ""At selected locations, additional thermistors were installed at
1 cm depth at 1, 3 and 7.5 cm from the cable and at 5 cm depth, at
1 and 7.5 cm from the cable. We measured thermal conductivity
(l) of the LF, H, Ah and Bw layer at different moisture levels in
the laboratory according to Van Loon et al. (1989). Gravimetric
moisture content (g H2O g dry soil–1) was determined by drying a
subsample for 24 h at 105 7C. Volumetric heat capacity (Ch) of the
soil was calculated as:
ChpS ui Ci (1)
where ui is the volume fraction of soil constituent i and Ci the
volumetric heat capacity of material i, assuming a volumetric heat
capacity of 2.0 MJ m–3 K–1 for minerals, 2.5 MJ m–3 K–1 for organic
matter and 4.2 MJ –3 K–1 for water (Koorevaar et al. 1983).
Organic matter content of the soil material was measured as the
loss on ignition at 600 7C after 4 h of heating."""	4	3°C in summer and 5°Cin winter in soil temperature	 Jun.199-Jun.1995	all day warming	all year	12,24	1994-1995(four incubation periods)
Jamieson N etal 1998_Soil N dynamics in a natural calcareous grassland under a changing climate		Wytham estate, Oxfordshire, UK.	grassland/meadow/prairie	semi-natural calcareous grassland 	heating cable	"heating cable for winter warming in 1993-1997, ""Full details of the technology involved will be published
elsewhere. Winter warming to 3 7C above ambient from 1
November to 30 April each year was achieved using soil warming
cables pinned zigzag fashion to the soil surface. Soil temperatures
were measured using thermistor temperature probes linked to a
Campbell data logger, which maintained a 3 7C temperature difference
between heated and control plots by switching the power
on and off via a relay."""	3	3°C ± 0.3°C at 1cm soil depth,winter warming	Nov.1993-spring 1997	all day warming	winter	39,42,45,48	
Dawes MA etal 2011_Growth and community responses of alpine dwarf shrubs to in situ CO2 enrichment and soil warming	46°46'N,9°52'E	Stillberg, Davos in the Central Alps, Switzerland (9°52'E, 46°46'N),2180 m asl.	forest	Pine and larch plantation	heating cable	"heating cables, ""Soil warming was applied during the
2007–09 growing seasons using heating cables laid on the
ground surface underneath the dwarf shrub layer (Hagedorn
et al., 2010). As the plots contained trees over 2 m tall and
were located on steep, rocky terrain, this method was more
feasible and required less disturbance than the use of open
top chambers (OTCs) or infrared radiators and additionally
allowed greater soil warming than OTCs."""	3.1,3.9,4.4	3.9 ± 0.3 in 2007, 4.4 ± 0.5 in 2008, 3.1 ± 0.4 in 2009(warming during growing season)	spring.2007-Aug.2007 	all day warming	growing season	3,15,27	since Spring, 2007
Hartley AE etal 1999_Plant performance and soil nitrogen mineralization in response to simulated climate change in subarctic dwarf shrub heath	68°35'N,18°82'E	Northern SwedenT (68°35'N 18°82'E, 380m a.s.l.)	shrub/heathland	Subarctic dwarf shrub tundra	heating cable	"heating cables, ""In this experiment, we applied a 50C soil warming on dwarf shrub tundra in Abisko, Sweden during the 1993-1997 growing seasons using buried heating cables."" ""Four sets of control plots were established at the corners of the cable-warmed plot; each set of control plots had a 1-m2 untreated ""Con- trol"" and a 1-M2 ""Disturbance Control"" with unheated, buried cables."""	5	5 (soil warming during gowing season)	Jun.1993-Sep 1993 	all day warming	growing season	3,15,27,51	
McHale PJ etal 1998_Soil warming in a northern hardwood forest: trace gas fluxes and leaf litter decomposition	43°59'N,74°14'W	Anna and Archer Huntington Wildlife Forest (HF), located in the central Adirondack mountains (43°59'N, 74°14'W) near Newcomb,New York	forest	northern hard forest	heating cable	"heating cables, ""Heating cables were installed in four experimental plots (10 ×
10 m), which included a cabled, nonheated reference plot and three
plots in which the forest floor temperature was increased during
the growing season by 2.5, 5.0, and 7.5°C above ambient conditions
to represent a temperature gradient. Heating cables were installed
at 5 cm depth within the forest floor in all plots. Heat
treatments were only conducted during the snow-free season because
we did not want to produce artifacts that would have occurred
due to artificial early melting of the snowpack. The
assignment of treatment was done randomly. Larger plot size with
no treatment replication was chosen versus smaller plot size in order
to eliminate edge effects and to minimize the high costs of installation.
Thirteen heating cables (Smith-Gates Easy Heat®) were
buried at 5 cm depth within the forest floor of each plot, with
20-cm spacing between adjacent cable lengths. A single cable
spanned a plot four times, was 43.3 m long, had a total resistance
of 95.6 W, drew 2.4 A, and consumed 576 W when supplied with
240 V AC. The heating cables were installed approximately 1 year
prior to the start of experimental soil heating to minimize any effects
associated with cable installation (McHale et al. 1996)."""	2.5,5,7.5		warming during growing season in1993 and 1994	all day warming	growing season	4,16	
Patil RH etal 2010_Effect of soil warming and rainfall patterns on soil N cycling in Northern Europe	56°29'N,9°34'E	Foulum, Denmark (56◦29'N, 9◦34'E)	cropland	wheat crop	heating cable	"heating cables, ""In each heated lysimeter an insulated heating-cable was placed
in the crop rows at 0.1m depth during tillage and connected to a
power supply, whereas soil in the unheated (control) lysimeters
was also tilled, but no heating-cables were placed in them. A programmed
computer controlled the soil warming set up and the
soil temperature was monitored using sensors (Campbell Scientific
Inc., Germany) placed horizontally in the middle between the
heating cable rows at 0.05 m, 0.1m and 0.25m depths in heated
plots and control plots."""	5	5	oct. 2008-dec. 2008	all day warming	all year	2,4,5,8,9,10	
Verburg PSJ etal 2005_Soil solution and extractable soil nitrogen response to climate change in two boreal forest ecosystems	58°23′N,8°19′E	Risdalsheia (58°23′N, 8°19′E) in southern Norway	shrub/heathland	shrubs	heating cable	"heating cables, ""Starting in April 1994, soil temperature was increased
by 5°C in January and 3°C in July with intermediate temperature
increases in the intervening months using heating
cables in the lower 80% of the catchment (T-T; Lükewille
and Wright 1997)."""	2.95	3.4°C(5 cm);     2.5°C(30 cm)	since 4.1994	all day warming	all year	3,15	sampling in 1994 and 1995
Olsrud M etal 2010_Responses of fungal root colonization, plant cover and leaf nutrients to long-term exposure to elevated atmospheric CO2 and warming in a subarctic birch forest understory	68°21'N,19°00'E	Abisko, Sweden (68°21'N, 19°00'E)	forest	birch forest	heating cable	"heating cables and infrared heating lamps, ""Each experimental plot for soil sampling
is 0.45m 0.75 m, divided into 15 different
0.15m 0.15m subplots and is surrounded by an
open-top chamber (OTC) with a footprint of ca. 1.5m2.
The experimental plot for point-frequency analyses is
0.105m 0.75m and included in the OTC. Four chambers
in each of six experimental blocks are randomly
assigned to one of the following four treatments: (1)
heated chambers in which soil and air temperatures are
elevated 5 1C above ambient, using buried heating
cables and infrared heating lamps,"" ""The soil is warmed by resistance cables, which have
been threaded through the organic upper layer of the
soil."""	5	5	2000-2006	all day warming	growing season	72	V Myrtillus
Hantschel RE etal 1995_Increasing the soil temperature to study global warming fffects on the soil nitrogen cycle in agroecosystems	48°30,0'N,11°20,7'E	Scheyern' exper-imental farm (N 48°30,0', E 11°20,7') of the Forschungsverbund Agrarokosysteme Muinchen	cropland	Crop	heating cable	"heating wire, ""To heat the soil we used a Teflon-copper-Teflon wire
with an outer diameter of 0.0032 m which was buried in
0.02 m depth. The wire was laid on the top of the soil in a
distance of 0.03 m."""	3	3	Jan 1994 to Mar 1994	all day warming	winter	3	0-5 cm soil
Lilley JM etal 2001_Nutritive value and the nitrogen dynamics of Trifolium subterraneum and Phalaris aquatica under warmer, high CO2 conditions	35°12'S,149°06'E	Canberra, Australian Capital Territory, Australia (149°06' E, 35°12' S)	grassland/meadow/prairie	pasture	infrared radiator	heating coil	3.4	3.4±0.3	since Dec.1995	all day warming	all year	7	herbage (cut above 7 cm) clover
Shaw MR etal 2001_Response of nitrogen cycling to simulated climate change: differential responses along a subalpine ecotone	38°53′N,107°02′W	Gunnison County USA (38°53′N, 107°02′W, elevation 2920 m).	grassland/meadow/prairie	subalpine meadow/sagebrush scrub ecotone.	infrared radiator	"infrared (IR)heater(cables), ""In each plot, two 1.6-m electric heaters (Kalgo, Inc.)
were suspended 2.5 m above the soil surface using steel
cables. These heaters were positioned above the plots in
the centre of the xeric and mesic zones. The ®ve heated
plots were continuously (24 h/day, 365 days/year) infrared-
irradiated (IR) at an intensity of 15 Wm±2 starting on
1 January 1991. On 24 May 1993, we added an additional
heater centred above the transition zone and raised the
IR output of all heaters to 22 Wm±2 to achieve a 1.5±2 °C
average soil temperature increase. The heaters gave off
no visible radiation (400±700 nm), while in the far red
(700±800 nm) spectrum the downward ¯ux was estimated
to be 10±6 of solar input. The 22 Wm±2 of IR
simulated the net surface warming as a consequence of
both the direct effect of a doubling of CO2 and the
contribution of the major feedbacks. The additional ¯ux of 7Wm±2 was intended to further compensate for the
lack of convective warming."""	1.75	1.5-2	warming since in Jan 1991        intensitied in May 1993(24 h/day, 365 days/year)        	all day warming	all year	5,7,17,19,41,43,48	twice within the growing season (June andAugust) in three years (1991, 1992 and 1994) in two moisture zones (xeric and mesic) 
An YA etal 2005_Plant nitrogen concentration, use efficiency, and contents in a tallgrass prairie ecosystem under experimental warming	34°58′54′′N,97°31′14′′W	McClain Country USA (34°58′54′′N, 97°31′14′′W),	grassland/meadow/prairie	tallgrass prairie	infrared radiator	"infrared heater, ""In each
pair, one plot had been warmed continuously using
infrared heaters since 21 November, 1999 with the other
control plots at ambient temperature. One 165 15cm2
infrared heater (Kalglo Electronics Inc., Bethlehem, PN,
USA, radiation output of about 100Wm 2) was
suspended 1.5m above ground in each warmed plot."""	2,2.4,2.6,2.7	2.6°C, 2000. 2.7°C, 2001.      2.4°C, 2002. 2.0°C, 2003	since Nov.1999-	all day warming	all year	8,20,32,46	
Zhang W etal 2005_Soil microbial responses to experimental warming and clipping in a tallgrass prairie	34°58′54′′N,97°31′14′′W	McClain Country USA(34°58′54′′N, 97°31′14′′W)	grassland/meadow/prairie	Grassland	infrared radiator	"infrared heater, ""In each pair, one plot had been warmed continuously with infrared heaters since November 1999 and the other was the unwarmed control. In each warmed plot, a single 165 cm _x0002_ 15 cm infrared heater (Kalglo Electro- nics Inc., Bethlehem, PA, USA) was suspended 1.5m above the ground. In the unwarmed control plot, a ‘dummy’ heater of the same shape and size as the infrared heater was suspended 1.5 m high in order to simulate the shading effects of the heater. For each paired plot, the distance between the control and the warmed plot was approximately 5 m in order to avoid heating the control plot by infrared heater."""	1.8	1.8	Nov. 1999-Sep. 2001	all day warming	all year	22,30,34	
Yin HJ etal 2012_Effects of experimental warming on soil N transformations of two coniferous species, Eastern Tibetan Plateau, China	31°41'N,103°53'E	Sichuan, China (31◦ 41' N, 103◦ 53' E )	forest	Subalpine coniferous forest	infrared radiator	"infrared heater, ""Our experiment followed Wan et al. (2002) in using 165 cm _x0004_ 15 cm infrared heaters (Kalgo Elec- tronics Inc, Bethlehem, PA, USA) to generate an artificially warmed environment. There were five pairs of 4 m _x0004_ 2 m plots (a warmed plot and a control plot). The infrared heater had a radiation output of approximately 100 W m_x0003_2 and its warming effect on soil temperature was spatially uniform in the warmed plots according to previous similar study (Wan et al., 2002). In the control plots, one “dummy” heater with the same shape and size as the infrared heater was suspended 1.5 m above the control plots to simulate the shading effects of the infrared heater. The control and the warmed plots were separated by 5 m to avoid heating the control plots."""	3.7	3.7(night warming)	April 2007 to May 2010	night time warming	all year	37,39,41	A. faxoniana
Yin H etal 2012_Nitrogen transformation in the rhizospheres of two subalpine coniferous species under experimental warming	31°41'N,103°53'E	Sichuan, China (31◦ 41' N, 103◦ 53' E )	forest	Subalpine coniferous forest	infrared radiator	"infrared heater, ""Our experiment followed Wan et al. (2002) in using 165 cm × 15 cm infrared heaters (Kalgo Electronics Inc., Bethlehem, PA, USA) to generate an artificially warmed environment.  The warmed plot was heated by an
infrared heater suspended 1.5 m above the middle of the plots. The
infrared heater had a radiation output of approximately 100 W m−2
,and its warming effect on soil temperature was spatially uniform within the warmed plots according to a similar previous study
(Wan et al., 2002)."""	2.1	2.1(daytime warming)	Apr.2007 to Jul.2007	day time warming	all year	15	P. asperata
Hu Y etal 2011_Effects of warming and grazing on N2O fluxes in an alpine meadow ecosystem on the Tibetan plateau	37°37'N,101°12'E	Haibei Alpine Meadow Ecosystem Research Station(37°37'N, 101°12'E), Tibet China	grassland/meadow/prairie	Plateau	infrared radiator: 1000 W	"infrared heaters, ""in
May 2006 eight hexagonal arrays ofMor FTE (1000W, 240 V) infrared
heaters were deployed over vegetation canopy that had previously
been heavily grazed by sheep during cool seasons from October to
May of prior years at the Haibei Alpine Meadow Ecosystem Research
Station with eight dummy arrays over reference plots."""	1.8,3	1.8	May 2006 to May 2008	all day warming	all year	2,4,11,14,16,28,35,24,25,26,27	
Sherry RA etal 2008_Lagged effects of experimental warming and doubled precipitation on annual and seasonal aboveground biomass production in a tallgrass prairie	34°58'N,97°31'W	"Kessler Farm
Field Laboratory (KFFL) (34◦58'N, 97◦31'W) in
McClain County, Oklahoma, USA"	grassland/meadow/prairie	tallgrass prairie	infrared radiator: 100 Wm-2	"infrared heaters, ""Every other plot had two
165 cm 15cm radiant infrared heaters suspended
above it at a height of 1.4m (Kalglo electronics Inc.,
Bethlehem, PA, USA). Previous experimentation determined
that, at this height, two heaters, each with a
radiation output of 100Wm 2 would warm the soil
surface approximately 4 1C (Wan et al., 2002)."""	4.2	4.2	Feb. 2003 - May 2003	all day warming	all year	3,6,8,10,12	
Turner M etal 2010_Net nitrogen mineralization and leaching in response to warming and nitrogen deposition in a temperate old field: the importance of winter temperature	43°01'N,81°12'W	London, Ontario, Canada (43°01' N, 81°12' W)	grassland/meadow/prairie	perennial grassland	infrared radiator	infrared heaters	2.5	1-4	Nov. 2006 - Fall 2007	all day warming	all year, winter	5,10,12,17	winter warming only(11.2006-4.2007)
Wan SQ etal 2005_Direct and indirect effects of experimental warming on ecosystem carbon processes in a tallgrass prairie	34°58'N,97°31'W	Great Plain Apiaries, OK, USA (34°58'N, 97°31'W)	grassland/meadow/prairie	tallgrass prairie	infrared radiator	infrared heaters	1.8,2	2	Nov. 1999-Jan. 2001	all day warming	all year	2,14	
Bijoor NS etal 2008_Effects of temperature and fertilization on nitrogen cycling and community composition of an urban lawn	33.7°N 117.7°W	Irvine, Arboretum, USA (33.7°N 117.7°W)	grassland/meadow/prairie	Turfgrass	infrared radiator	"infrared heaters, ""The heated subplots were subjected to an average increase in mean daily surface temperature of 3.5 _x0001_ 1.3 1C (average _x0001_ SD) by elevating ceramic infrared heaters (250 W, Exo Terra, Rolf C. Hagen Inc., Montreal, Canada) 1m over the ground. Plots were heated from July 14, 2005 to Decem- ber 1, 2006."""	3.5	3.5	Jul. 2005 - Jan. 2006	all day warming	all year	6,9,11,15,16	0-5cm
Sardans J etal 2008_Changes in soil enzymes related to C and N cycle and in soil C and N content under prolonged warming and drought in a Mediterranean shrubland	41°18'N,1°49'E	Catalonia,Spain (41°18'N,1°49')	shrub/heathland	Mediterranean shrubland	infrared radiator	infrared radiation	0.95	0.95(night-time warming)	Mar.1999-Jan.2005	night time warming	all year	62,64,67,70,74	Erica multiflora
Sardans J etal 2008_Warming and drought alter C and N concentration, allocation and accumulation in a Mediterranean shrubland	41°18'N,1°49'E	Catalonia,Spain (41°18'N,1°49')	shrub/heathland	Mediterranean shrubland	infrared radiator	infrared radiation	0.95	0.95(night-time warming)	Mar.1999-Jan.2005	night time warming	all year	70	
Wang ZW etal 2011_Influence of increasing temperature and nitrogen input on greenhouse gas emissions from a desert steppe soil in Inner Mongolia	41°46'N,111°53'E	Siziwang Banner, Inner Mongolia, China (41º46' N, 111º53' E)	grassland/meadow/prairie	desert steppe	infrared radiator	infrared radiation	1.3	1.3	Jun. 2006-May. 2007	all day warming	all year	8,11,14,17	spring
Chen Z etal 2010_Short-term effects of night warming and nitrogen addition on soil available nitrogen and  microbial properties in subalpine coniferous forest, Western Sichuan, China	31°41'N,103°53'E	Maoshang, China 31°41′ N, 103°53′ E	forest	subalpine coniferous forest	infrared radiator	infrared radiators	4.19	4.19	Mar. 2008-Nov. 2009	night time warming	all year	20,25	
Ma L-N etal 2011_The effects of warming and nitrogen addition on soil nitrogen cycling in a temperate grassland, northeastern China	44°45’N,123°45’E	Songnen, China (44°45’N, 123°45’E)	grassland/meadow/prairie	Eurasian continental temperate grassland.	infrared radiator	infrared radiators	1.8	1.8	2006-2007	all day warming	all year	12,24,36	
Rui Y etal 2011_Warming and grazing affect soil labile carbon and nitrogen pools differently in an alpine meadow of the Qinghai-Tibet Plateau in China	37°37′N,101°12′E	37°37′ N, 101°12′ E, Qinghai–Tibetan Plateau, China	grassland/meadow/prairie	Alpine Meadow	infrared radiator	infrared radiators	1.45	1.2 at daytime, 1.7 at night	May, 2006-Aug. 2009	all day warming	growing season	2,3,5,39	
Xiong P etal 2010_Short-term response of winter soil respiration to simulated warming in a Pinus armandii plantation in the upper reaches of the Minjiang River, China	31°41'N,103°53'E	Maoshang, China 31°41′ N, 103°53′ E	forest	subalpine coniferous forest	infrared radiator	infrared radiators	6.7	6.7	Oct. 2009-Nov. 2009	all day warming	winter	1,2,3,5	
Hovenden MJ etal 2008_Warming prevents the elevated CO2-induced reduction in available soil nitrogen in a temperate, perennial grassland	42°42'S 147°16'E	Tasmania, Australia (42°42'S 147°16'E)	grassland/meadow/prairie	temperate grassland	infrared radiator: 140 W.m-2	"infrared radiation, ""Warming is provided by the addition of 140 W m_x0001_2 of infrared radiation using 240 V 250 W Emerson solid ceramic infrared emitters suspended 1.2 m above the soil surface above the centre of each ring and operating continuously, providing an average warming of leaf temperature of 1.98 1C and of soil temperature at 1 cm depth by 0.82 1C over the growing season."""	0.82	0.82	Feb 2002-spring 2004 	all day warming	all year	24,36,48	
Dijkstra FA etal 2010_Contrasting effects of elevated CO2 and warming on nitrogen cycling in a semiarid grassland	41°11'N,104°54'W	High Plains Grasslands Research Station, Wyoming, USA (41 ◦11'N,  104 ◦54'W)	grassland/meadow/prairie	mixed-grass prairie	infrared radiator:1000 W	"infrared radiators, ""We used ceramic infrared heaters (1000 W; Mor Electric Heating Assoc., Inc., Comstock Park, MI, USA (Trade and company names are given for the reader’s benefit and do not imply endorsement or preferential treatment of any product by the USDA)) con- trolled by a proportional-integral-derivative feed-back loop (Kimball et al., 2008) to warm the canopy of the heated plots to 1.5°C above ambient temperature during the day and 3°C above ambient temperature during the night. Each heated plot had six infrared heaters attached to a triangular frame, 1.5 m above the ground. The warming treatment began in April 2007."""	2.25	1.5 at daytime and 3 at night	Apr. 2007-Aug. 2007	all day warming	all year	4,12,16	0-5cm soil
Robinson CH etal 1995_Responses of plant litter decomposition and nitrogen mineralisation to simulated environmental change in a high arctic polar semi-desert and a subarctic dwarf shrub heath	78°56'N,11°50' E	northwestern Spitsbergen (78°56' N, 11°50' E) at an elevation of 22 m a.s.l.	shrub/heathland	polar semi-desert  	open top chamber	Greenhouse(Polythene tents)	1,1.1,1.3	1.3	1991-1993	all day warming	growing season	24	polar semi-desert  
Klein JA etal 2007_Experimental warming, not grazing, decreases rangeland quality on the Tibetan Plateau	37°37'N,101°12'E	Heibei, Tibet, China (37°37' N, 101°12'E)	grassland/meadow/prairie	alpine meadow and shrub	open top chamber	OTC	1.5	1-2	sep.1997-2000	all day warming	all year	36	sedge
Nybakken L etal 2011_Experimental warming had little effect on carbon-based secondary compounds, carbon and nitrogen in selected alpine plants and lichens	60°N,7°E	Sanddalsnuten (60°N, 7°E) at Finse, southern Norway	grassland/meadow/prairie	alpine Carex vaginata	open top chamber	OTC	1	1	1999-2007	all day warming	all year	96	
Rinnan R etal 2007_Mineralization and carbon turnover in subarctic heath soil as affected by warming and additional litter	68°21'N,18°49'E	Abisko, Sweden (68°21'N, 18°49'E)	shrub/heathland	dry heathland	open top chamber	OTC	1	1	1999-2005	all day warming	all year	84	Carex capillaris
Rinnan R etal 2008_Effects of litter addition and warming on soil carbon, nutrient pools and microbial communities in a subarctic heath ecosystem	68°21'N,18°49'E	Abisko, Sweden (68°21'N, 18°49'E)	shrub/heathland	dry heathland	open top chamber	OTC	1	1	1999-Aug.2005	all day warming	all year	84	0-5 cm soil
Tolvanen A etal 2001_Responses of carbon and nitrogen concentrations in high arctic plants to experimental warming	78°53'N,75°55'W	Alexandra Fiord Canada,(78°53′N, 75°55′W)	shrub/heathland	polar shrubs and meadow	open top chamber	OTC	0.55	–0.2-1.3°C(at 3 cm soil)	Jun.1992- Jun.1996	all day warming	all year	48,49,50	Cassiope tetragona(new tissues)
Weedon JT etal 2012_Summer warming accelerates sub-arctic peatland nitrogen cycling without changing enzyme pools or microbial community structure	68°21'N,18°49'E	Abisko, Sweden (68°21'N, 18°49'E)	peat	sub-arctic peat	open top chamber	OTC	0.55	0.2–0.9 °C in summer	Jun.2000-Jun.2009	all day warming	growing season	108110	
Xu Z etal 2012_Short-term responses of Picea asperata seedlings of different ages grown in two contrasting forest ecosystems to experimental warming	31°35'N,102°35'E	Eastern Tibetan Plateau (31°35'N; 102°35'E; 3150 m a.s.l).	forest	dragon spruce plantation	open top chamber	OTC	0.6	0.6	Apr.2009-Sep.2009	all day warming	all year	5	
